id,Nombre del Proyecto,Descripcion,Fecha de inicio,Fecha de Fin,Presupuesto,Estado
1,Plataforma de Gestion Empresarial,Sistema de gestion de recursos empresariales para mejorar la eficiencia operativa,13/10/2023,17/04/2025,42931805.00,Activo
2,Sistema de Planificacion de Recursos,Desarrollo de un sistema avanzado de planificacion de recursos empresariales,17/07/2023,18/05/2025,642055083.00,Cancelado
3,Sistema de Informacion Epidemiologica,Plataforma para el seguimiento y analisis de datos epidemiologicos,14/06/2023,02/02/2024,850312588.00,Finalizado
4,Red de Transporte Publico,kooooooooooo,30/03/2023,24/07/2023,937383174.00,Finalizado
5,Royal Guard Tales,Desarrollo,06/06/2021,03/02/2030,325746996.00,Activo
6,Laboratorio de Microbiologia,Investigacion y desarrollo en microbiologia aplicada,13/07/2023,07/10/2025,325746996.00,Activo
7,Planificacion de Sucesion,Desarrollo de un sistema para la planificacion de la sucesion en empresas,01/01/2023,20/05/2023,231786436.00,Finalizado
8,Sistema de Gestion de Documentos,Desarrollo de un sistema para la gestion y archivo de documentos,06/09/2023,19/05/2023,65296214.00,Finalizado
9,Investigacion de Trastornos del Sue√±o,Estudio y tratamiento de diversos trastornos del suenio,23/05/2023,03/08/2023,555060646.00,Finalizado
10,Sistema de Incendios Extremo,Desarrollo de un sistema avanzado de prevencion y control de incendios,14/02/2023,03/04/2023,240045465.00,Finalizado
11,JUANCho,MR BOBBY,15/05/2003,15/05/2025,1000,Activo
12,hola,holaa,15/05/2003,15/05/2004,123,Finalizado
13,holaa,holaaaaaaaa,15/05/2006,15/06/2007,5555,Finalizado
14,hoasld,asddas,15/05/5000,15/05/5900,126454,Activo
